Publisher,1980,1981,1982,1983,1984,1985,1986,1987,1988,1989,1990,1991,1992,1993,1994,1995,1996,1997,1998,1999,2000,2001,2002,2003,2004,2005,2006,2007,2008,2009,2010,2011,2012,2013,2014,2015,2016,2017,2020
10TACLE Studios,,,,,,,,,,,,,,,,,,,,,,,,,,,0.02,0.11,,,,,,,,,,,
1C Company,,,,,,,,,,,,,,,,,,,,,,,,,,,,,,0.01,,0.09999999999999999,,,,,,,
20th Century Fox Video Games,,1.35,1.9400000000000002,,,,,,,,,,,,,,,,,,,,,,,,,,,,,,,,,,,,
2D Boy,,,,,,,,,,,,,,,,,,,,,,,,,,,,,0.04,,,,,,,,,,
3DO,,,,,,,,,,,,,,,,,,,0.4,4.540000000000001,7.620000000000001,9.070000000000002,9.670000000000002,10.120000000000001,,,,,,,,,,,,,,,
49Games,,,,,,,,,,,,,,,,,,,,,,,,,,,,,,0.04,,,,,,,,,
505 Games,,,,,,,,,,,,,,,,,,,,,,,0.29,0.39,1.2800000000000002,2.5500000000000007,10.04,20.470000000000002,23.240000000000002,30.810000000000002,45.07,48.37,50.709999999999994,53.019999999999996,54.76,55.37,55.91,,
5pb,,,,,,,,,,,,,,,,,,,,,,,,,,,,,0.09999999999999999,0.28,0.5700000000000001,0.8400000000000001,1.1,1.2400000000000002,1.37,1.59,1.6300000000000001,,
7G//AMES,,,,,,,,,,,,,,,,,,,,,,,,,,,,,,,0.01,0.08,,,,,,,
989 Sports,,,,,,,,,,,,,,,,,,,,0.38,,,,,,,,,,,,,,,,,,,
989 Studios,,,,,,,,,,,,,,,,,,0.52,8.06,13.32,,,,,,,,,,,,,,,,,,,
AQ Interactive,,,,,,,,,,,,,,,,,,,,,,,,,,,,0.16,0.38,0.53,,,,,,,,,
ASC Games,,,,,,,,,,,,,,,,,1.31,,1.9700000000000002,2.02,,,,,,,,,,,,,,,,,,,
ASCII Entertainment,,,,,,,,,,,,,,,0.87,2.12,4.99,8.31,8.73,10.57,,10.89,,,,,,,,,,,,,,,,,
ASCII Media Works,,,,,,,,,,,,,,,,,,,,,,,,,,,,,0.06,0.13,0.25,0.26,,,0.27,,,,
ASK,,,,,,,,,,,,,,,,,0.03,,,,,,,,,,,,,,,,,,,,,,
Abylight,,,,,,,,,,,,,,,,,,,,,,,,,,,,,,,0.08,,,,,,,,
Acclaim Entertainment,,,,,,,,,,,,,,1.93,7.67,10.129999999999999,13.36,17.849999999999998,31.559999999999995,35.38999999999999,40.97999999999999,50.669999999999995,58.419999999999995,63.07999999999999,64.13999999999999,,,,,,,,,,,,,,
Accolade,,,,,,,,,,,,,,,,,0.19,1.49,,1.68,,,,,,,,,,,,,,,,,,,
Ackkstudios,,,,,,,,,,,,,,,,,,,,,,,,,,,,,,0.07,0.18,0.5900000000000001,0.8400000000000001,,,,,,
Acquire,,,,,,,,,,,,,,,,,,,,,,,,,,,0.05,,0.19,0.27,0.49,0.79,0.96,,1.07,,,,
Activision,3.02,11.52,13.379999999999999,15.319999999999999,15.589999999999998,16.069999999999997,,17.189999999999998,17.939999999999998,18.409999999999997,,,,,20.489999999999995,24.699999999999996,26.649999999999995,29.199999999999996,36.739999999999995,44.309999999999995,58.78999999999999,77.38,103.32,124.7,163.93,199.32000000000002,216.72000000000003,280.29,347.7,425.76,489.15,540.89,594.14,637.63,682.11,717.74,721.41,,
Activision Blizzard,,,,,,,,,,,,,,,,,,,,,,,,,,,,,,,,,,,0.48,,,,
Activision Value,,,,,,,,,,,,,,,,,,,,,,0.21,0.3,1.27,1.33,1.3800000000000001,1.6300000000000001,2.21,3.67,6.96,,,,,,,,,
Adeline Software,,,,,,,,,,,,,,,,,0.17,,,,,,,,,,,,,,,,,,,,,,
Aerosoft,,,,,,,,,,,,,,,,,,,,,,,,,,,,,,,0.01,,,0.03,,,,,
Agatsuma Entertainment,,,,,,,,,,,,,,,,,,,,,,,,,0.08,,,,,,,,0.28,0.31000000000000005,,,,,
Agetec,,,,,,,,,,,,,,,,,,0.03,0.22,,,,1.51,1.9,,,,,,1.94,,,,,,,,,
Aksys Games,,,,,,,,,,,,,,,,,,,,,,,,,,,,,0.02,,,,,,0.19999999999999998,0.31999999999999995,0.43999999999999995,,
Alawar Entertainment,,,,,,,,,,,,,,,,,,,,,,,,,,,,,,0.04,,,,,,0.05,,,
Alchemist,,,,,,,,,,,,,,,,,,,,,,,,,,,1.24,1.43,1.73,1.81,2.07,2.29,2.42,2.55,,2.63,,,
Alternative Software,,,,,,,,,,,,,,,,,,,,,,,,,,,,,,,0.07,,,,,0.09000000000000001,0.2,,
Altron,,,,,,,,,,,,,,,,,,,,,,0.07,,,,,,,,,,,,,,,,,
Alvion,,,,,,,,,,,,,,,,,,,,,,,,,,,,,,0.02,0.04,,,,,,,,
American Softworks,,,,,,,,,,,,,,,,,0.23,,,,,,,,,,,,,,,,,,,,,,
Angel Studios,,,,,,,,,,,,0.29,,,0.41,0.43999999999999995,,,,,,,,,,,,,,,,,,,,,,,
Answer Software,,,0.5,,,,,,,,,,,,,,,,,,,,,,,,,,,,,,,,,,,,
Aqua Plus,,,,,,,,,,,,,,,,,,,,0.14,,,,,,,0.25,0.26,0.34,0.45,0.51,0.68,0.8200000000000001,0.92,,1.15,1.25,,
Aques,,,,,,,,,,,,,,,,,,0.16,,,,,,,,,,,,,,,,,,,,,
Arc System Works,,,,,,,,,,,,,,,,,,,,,,,,,,,,,0.26,0.33,0.43000000000000005,,0.4600000000000001,0.8800000000000001,1.3900000000000001,1.4800000000000002,,,
Arena Entertainment,,,,,,,,,,,,,4.72,,,,,,,,,,,,,,,,,,,,,,,,,,
Aria,,,,,,,,,,,,,,,,,,,,,,,,,,,0.07,,,,,,,,,,,,
Arika,,,,,,,,,,,,,,,,,,,,,,,0.02,,0.07,,,,0.09000000000000001,,,,,,,,,,
ArtDink,,,,,,,,,,,,,,,0.25,,0.47,,0.5599999999999999,,,0.61,,,,,,,,0.65,0.67,,,,0.73,,,,
Aruze Corp,,,,,,,,,,,,,,,,,,,,0.54,1.1800000000000002,,,,,,,,,,,,,,,,,,
Ascaron Entertainment,,,,,,,,,,,,,,,,,,,,,,,,,,,,,,,,,0.01,,,,,,
Ascaron Entertainment GmbH,,,,,,,,,,,,,,,,,,,,,,,,,0.04,,,,0.10999999999999999,,,,,,,,,,
Asgard,,,,,,,,,,,,,,,,,,,,,,,,,,,,,,,0.14,0.17,0.18000000000000002,0.23000000000000004,,0.25000000000000006,,,
Asmik Ace Entertainment,,,,,,,,,,,,,,,,,0.1,,,,0.19,,,,,,0.23,,,,,,,,,,,,
Asmik Corp,,,,,,,,,,,,,,,0.07,0.17,,,,,,,,,,,,,,,,,,,,,,,
Aspyr,,,,,,,,,,,,,,,,,,,,,,,,0.02,,,,0.03,0.14,0.62,,,,,,,,,
Astragon,,,,,,,,,,,,,,,,,,,,,,,,,,,,,,0.05,0.5800000000000001,0.6200000000000001,,,,,0.6400000000000001,,
Asylum Entertainment,,,,,,,,,,,,,,,,,,,,,,,,,,,,,,,0.52,0.5900000000000001,,,,,,,
Atari,8.36,16.810000000000002,36.24,39.63,,,40.29,41.15,,41.3,,,,,,,,,42.76,45.059999999999995,49.87,57.92,79.17,96.21,107.75999999999999,116.13999999999999,120.46999999999998,131.83999999999997,140.52999999999997,145.03999999999996,146.46999999999997,146.69999999999996,146.74999999999997,,,,146.76999999999998,,
Athena,,,,,,,,,,,,,,,,,,,,0.02,,0.09000000000000001,,,,,,,,,,,,,,,,,
Atlus,,,,,,,,,,,,,,,0.45,1.56,1.81,2.2,2.41,2.67,3.02,3.11,3.1999999999999997,3.3899999999999997,3.4799999999999995,,3.5299999999999994,3.6299999999999994,5.129999999999999,6.089999999999999,6.909999999999999,7.469999999999999,10.479999999999999,11.309999999999999,11.899999999999999,12.28,12.74,,
Avalon Interactive,,,0.17,,,,,,,,,,,,,,,,,0.27,,,0.32,0.36,0.48,,,,,,,,,,,,,,
Avanquest,,,,,,,,,,,,,,,,,,,,,,,,,,,,0.53,0.72,1.6199999999999999,2.3899999999999997,2.8999999999999995,,,,,2.9399999999999995,,
Avanquest Software,,,,,,,,,,,,,,,,,,,,,,,,,,,,,,,,,1.6400000000000001,1.6500000000000001,,1.6900000000000002,,,
Axela,,,,,,,,,,,,,,,,,,,0.25,,,,,,,,,,,,,,,,,,,,
BAM! Entertainment,,,,,,,,,,,,,,,,,,,,,0.11,1.32,4.2,4.8500000000000005,4.95,,,,,,,,,,,,,,
BMG Interactive Entertainment,,,,,,,,,,,,,,,,,0.27,0.6000000000000001,1.1800000000000002,,,,,,,,,,,,,,,,,,,,
BPS,,,,,,,,,,,,0.32,,,0.52,,,,,,,,,,,,,,,,,,,,,,,,
Banpresto,,,,,,,,,,,,0.51,0.67,2.37,2.99,3.7500000000000004,4.8100000000000005,5.680000000000001,6.380000000000001,7.120000000000001,7.920000000000001,9.370000000000001,10.39,11.700000000000001,12.47,13.790000000000001,14.4,15.99,16.46,16.78,,17.400000000000002,,,,,,,
Benesse,,,,,,,,,,,,,,,,,,,,,,,,,,,,0.19,0.33,,,,,,,,,,
Berkeley,,,,,,,,,,,,,,,,,,,,,,0.03,,,,,,,,,,,,,,,,,
Bethesda Softworks,,,,,,,,,,,,,,,,,,,,,,,1.31,1.51,1.76,1.95,2.05,3.08,14.469999999999999,15.76,24.17,49.26,54.16,,62.839999999999996,79.28,81.53,,
Big Ben Interactive,,,,,,,,,,,,,,,,,,,,,,,0.09,,0.14,,,,0.16,0.9700000000000001,,0.9800000000000001,,1.0,,,,,
Big Fish Games,,,,,,,,,,,,,,,,,,,,,,,,,,,,,0.02,,,,,,0.05,,,,
Bigben Interactive,,,,,,,,,,,,,,,,,,,,,,,,,,,,,,,,,,,,0.8400000000000001,,,
Black Bean Games,,,,,,,,,,,,,,,,,,,,,,,,,,0.01,,0.12000000000000001,0.71,1.04,2.24,2.87,,,,,,,
Black Label Games,,,,,,,,,,,,,,,,,,,,,,,1.2,,,,,,,,,,,,,,,,
Blast! Entertainment Ltd,,,,,,,,,,,,,,,,,,,,,,,,,,,,0.17,0.19,0.38,,,,,,,,,
Blue Byte,,,,,,,,,,,,,,,,,,,,,,0.03,,,,,,,,,,,,,,,,,
Bohemia Interactive,,,,,,,,,,,,,,,,,,,,,,,,,,,,,,,,,,0.12,,,,,
Bomb,,,0.22,,,,,,,,,,,,,,,,,,,,,,,,,,,,,,,,,,,,
Boost On,,,,,,,,,,,,,,,,,,,,,,,,,,,,,,,,,,0.01,,,,,
Brash Entertainment,,,,,,,,,,,,,,,,,,,,,,,,,,,,0.21000000000000002,1.23,,,,,,,,,,
Broccoli,,,,,,,,,,,,,,,,,,,,,,,,,,,0.03,0.1,0.13,0.17,0.19,0.44,0.54,0.8,,0.9,0.9600000000000001,,
BushiRoad,,,,,,,,,,,,,,,,,,,,,,,,,,,,,,,,,0.03,,,,,,
CBS Electronics,,,0.31,,,,,,,,,,,,,,,,,,,,,,,,,,,,,,,,,,,,
CCP,,,,,,,,,,,,,,,,,,,,,,,,0.22,,,,,,,,,,,,,,,
CDV Software Entertainment,,,,,,,,,,,,,,,,,,,,,,,,,,0.01,,,0.12,0.16999999999999998,,0.19999999999999998,,,,,,,
CPG Products,,,0.54,,,,,,,,,,,,,,,,,,,,,,,,,,,,,,,,,,,,
CTO SpA,,,,,,,,,,,,,,,,,0.88,0.9,,,,,,,,,,,,,,,,,,,,,
Capcom,,,,,,1.0,6.3,7.109999999999999,10.049999999999999,11.719999999999999,15.639999999999999,17.869999999999997,30.269999999999996,35.12,35.279999999999994,,36.62,39.9,43.64,44.52,46.540000000000006,54.49000000000001,64.34,73.47,80.33,93.6,105.0,114.92,128.24,147.71,162.09,169.56,184.24,191.87,192.19,197.82999999999998,199.95,,
Cave,,,,,,,,,,,,,,,,,,,,,,,,,,,,,0.1,0.13,0.2,0.3,0.32,0.33,,,,,
ChunSoft,,,,,,,,,,,,,0.16,0.9400000000000001,1.75,2.15,2.42,,2.51,2.6799999999999997,3.05,,3.4099999999999997,,,,3.4399999999999995,,,3.8699999999999997,3.9099999999999997,4.01,4.069999999999999,,,,,,
City Interactive,,,,,,,,,,,,,,,,,,,,,,,,,,,,,0.49,0.94,2.8099999999999996,3.8599999999999994,,4.51,4.58,,,,
Cloud Imperium Games Corporation,,,,,,,,,,,,,,,,,,,,,,,,,,,,,,,,,0.08,,,,,,
Coconuts Japan,,,,,,,,,,,,,,0.05,,,0.07,,,,,,,,,,,,,,,,,,,,,,
Codemasters,,,,,,,,,,,,,,,,,,2.38,7.96,8.57,9.59,11.18,12.959999999999999,15.35,16.32,17.11,17.34,20.41,23.86,32.29,34.93,40.27,43.080000000000005,44.790000000000006,45.980000000000004,46.93000000000001,47.77000000000001,,
Codemasters Online,,,,,,,,,,,,,,,,,,,,,,,,,,,,,0.02,,,,,,,,,,
CokeM Interactive,,,,,,,,,,,,,,,,,,,,,,,,,,,,0.31,,,,,,,,,,,
Coleco,,2.7899999999999996,3.0599999999999996,,,,,,,,,,,,,,,,,,,,,,,,,,,,,,,,,,,,
Comfort,,,,,,,,,,,,,,,,,,,,,,,,,,,,,,,0.03,0.11,0.13,0.15,,,,,
Commseed,,,,,,,,,,,,,,,,,,,,,,,,,,,,,0.01,,,,,,,,,,
Compile,,,,,,,,,,,,,,,,0.47,0.49,2.4299999999999997,2.4599999999999995,,,,,,,,,,,,,,,,,,,,
Compile Heart,,,,,,,,,,,,,,,,,,,,,,,,,,,,,0.2,0.21000000000000002,0.47000000000000003,0.56,0.79,1.01,1.24,1.35,1.37,,
Conspiracy Entertainment,,,,,,,,,,,,,,,,,,,,,,0.29000000000000004,0.32000000000000006,,,,,0.39000000000000007,0.54,0.61,0.84,,,,,,,,
Core Design Ltd.,,,,,,,,,,,,,,,0.19,0.29000000000000004,,,,,,,,,,,,,,,,,,,,,,,
Crave Entertainment,,,,,,,,,,,,,,,,,,,0.37,1.2400000000000002,3.68,,4.1000000000000005,4.170000000000001,5.370000000000001,6.060000000000001,6.360000000000001,6.790000000000001,7.320000000000001,7.8900000000000015,8.600000000000001,9.930000000000001,,,,,,,
Creative Core,,,,,,,,,,,,,,,,,,,,,,,,,,,,,0.06999999999999999,0.09999999999999999,,,,,,,,,
Crimson Cow,,,,,,,,,,,,,,,,,,,,,,,,,,,,,0.02,,,0.08,,,,,,,
Crystal Dynamics,,,,,,,,,,,,,,,,1.12,1.71,,,,,,,,,,,,,,,,,,,,,,
Culture Brain,,,,,,,,,,,,0.2,,,0.23,,,,,,,,,,,,,,0.25,,0.27,,,,,,,,
Culture Publishers,,,,,,,,,,,,,,,,,,,0.09,,,,,,,,,,,,,,,,,,,,
CyberFront,,,,,,,,,,,,,,,,,,,,,,,,,,,,0.02,0.06,0.08,0.19,0.21,0.24,0.27,,,,,
Cygames,,,,,,,,,,,,,,,,,,,,,,,,,,,,,,,,,,,,0.03,,,
D3Publisher,,,,,,,,,,,,,,,,,,,1.06,,1.1300000000000001,1.7500000000000002,,,,2.14,3.5100000000000007,9.819999999999997,11.849999999999996,15.659999999999993,20.21999999999999,22.109999999999992,22.39999999999999,23.68999999999999,23.76999999999999,23.97999999999999,24.059999999999988,,
DHM Interactive,,,,,,,,,,,,,,,,,,,,,,,,,,,,0.13999999999999999,,0.18,,,,,,,,,
DSI Games,,,,,,,,,,,,,,,,,,,,,,,,,,0.17,0.21000000000000002,0.26,0.35,,,,,,,,,,
DTP Entertainment,,,,,,,,,,,,,,,,,,,,,,,,,,0.23,,0.25,1.1400000000000001,2.1500000000000004,2.5600000000000005,3.5100000000000007,3.5700000000000007,,,,,,
Daedalic,,,,,,,,,,,,,,,,,,,,,,,,,,,,,,0.11,0.13,,0.28,,,,,,
Daedalic Entertainment,,,,,,,,,,,,,,,,,,,,,,,,,,,,,,,,,0.03,0.14,,,,,
Daito,,,,,,,,,,,,,,,,,,,,,,,,,,,0.22999999999999998,,,,,,,,,,,,
Data Age,,0.39,0.71,,,,,,,,,,,,,,,,,,,,,,,,,,,,,,,,,,,,
Data Design Interactive,,,,,,,,,,,,,,,,,,,,,,,,,,,,0.09,0.22,0.29000000000000004,,,,,,,,,
Data East,,,,,,,,,,,,,,,,0.04,,,0.15,,,,,,,,,,,,,,,,,,,,
Datam Polystar,,,,,,,,,,,,,,,,,,,,,,,0.02,,,,,0.03,,,,,,,,,,,
Deep Silver,,,,,,,,,,,,,,,,,,,,,,,,,0.32,0.57,0.9199999999999999,0.94,3.849999999999999,6.399999999999999,8.41,15.049999999999999,15.69,21.72,23.61,24.62,25.59,,
"Destination Software, Inc",,,,,,,,,,,,,,,,,,,,,,0.13,0.15,0.2,0.24000000000000002,0.32,0.38,0.75,0.88,,,,,,,,,,
Destineer,,,,,,,,,,,,,,,,,,,,,,,,,,,,0.28,1.82,3.710000000000001,4.280000000000001,4.360000000000001,,,,,,,
Detn8 Games,,,,,,,,,,,,,,,,,,,,,,,,,,,,0.23,,,,,,,,,,,
Devolver Digital,,,,,,,,,,,,,,,,,,,,,,,,,,,,,,,0.02,,,,,0.04,,,
DigiCube,,,,,,,,,,,,,,,,,,,,,,,0.06,,,,,,,,,,,,,,,,
Disney Interactive Studios,,,,,,,,,,,,,,,,,,,,1.94,,,2.19,2.77,6.029999999999999,10.579999999999998,16.319999999999997,33.16,55.25,68.54,89.04,102.13000000000001,104.97000000000001,112.06000000000002,116.28000000000002,118.76000000000002,,,
Dorart,,,,,,,,,,,,,,,,,,,,,,,,,,,,,0.02,,0.03,,,,,,,,
DreamCatcher Interactive,,,,,,,,,,,,,,,,,,,,,,0.05,,0.16999999999999998,0.18999999999999997,0.20999999999999996,0.29999999999999993,,0.36999999999999994,0.84,0.95,,,,,,,,
DreamWorks Interactive,,,,,,,,,,,,,,,,,,,0.13,,,,,,,,,,,,,,,,,,,,
Dusenberry Martin Racing,,,,,,,,,,,,,,,,,,,,,,,,,,,,,,,,,,,,,0.05,,
EA Games,,,,,,,,,,,,,,,,,,,,,,,,,,,,,,,,,0.15,,,,,,
EON Digital Entertainment,,,,,,,,,,,,,,,,,,,,0.01,,,,,,,,,,,,,,,,,,,
ESP,,,,,,,,,,,,,,,,,,0.42,0.56,,,,0.5900000000000001,,,,,,,,,,,,,,,,
Easy Interactive,,,,,,,,,,,,,,,,,,,,,,,,,,,,,,,,,0.05,,,,,,
Ecole,,,,,,,,,,,,,,,,,,,,,,,,,,,,,,0.06,,,,,,,,,
Edia,,,,,,,,,,,,,,,,,,,,,,,,,,,0.07,,,0.09000000000000001,,,,,,,,,
Eidos Interactive,,,,,,,,,,,,,,,,,5.890000000000001,19.44,27.12,38.760000000000005,43.32000000000001,45.53000000000001,52.41000000000001,58.48000000000001,61.48000000000001,69.48,73.86,80.36,85.84,96.75,,,,,,,,,
Electronic Arts,,,,,,,,,,,,,0.06,,0.71,4.039999999999999,11.939999999999998,34.879999999999995,64.82999999999998,84.97999999999999,110.10999999999999,155.23,228.24,298.07,365.40000000000003,432.4100000000001,490.8200000000001,562.1500000000001,646.2700000000001,732.4700000000001,813.8500000000001,886.1000000000001,936.0000000000001,988.9200000000001,1035.72,1081.14,1093.39,,
Electronic Arts Victor,,,,,,,,,,,,,,,,,0.42,,,,,,,,,,,,,,,,,,,,,,
Elf,,,,,,,,,,,,,,,,,0.36,0.64,,,,,,,,,,,,,,,,,,,,,
Elite,,,,,,,,,,,,,,,,,0.07,,,,,,,,,,,,,,,,,,,,,,
Empire Interactive,,,,,,,,,,,,,,,,,0.41,,0.43999999999999995,0.45999999999999996,1.5999999999999999,2.5999999999999996,3.96,6.369999999999999,8.299999999999999,8.76,9.02,9.879999999999999,11.139999999999999,,,,,,,,,,
Encore,,,,,,,,,,,,,,,,,,,,,,0.03,,0.05,,0.07,,,,,,,,,,,,,
Enix Corporation,,,,,,,,2.56,6.43,,9.55,,12.34,13.49,14.21,17.53,19.32,,,21.810000000000002,27.17,30.080000000000002,31.430000000000003,32.09,33.74,,,,,,,,,,,,,,
Enjoy Gaming ltd.,,,,,,,,,,,,,,,,,,,,,,,,,,,,,,0.1,,,,,,,,,
Enterbrain,,,,,,,,,,,,,,,,,,,,,,0.43,0.76,,1.37,,1.53,1.54,1.92,2.05,2.23,,,,,,,,
Epic Games,,,,,,,,,,,,,,,,,,,,,,,,,,,,,,,,,,,,,0.01,,
Epoch,,,,,,,,,,,,0.08,0.15000000000000002,0.2,,0.71,0.8999999999999999,,,,1.0499999999999998,,,,,,,,,,,,,,,,,,
Ertain,,,,,,,,,,,,,,,,,,,,,,,,,,,,0.05,,,,,,,,,,,
Essential Games,,,,,,,,,,,,,,,,,,,,,,,,,,0.17,0.23,,,,,,,,,,,,
Evolution Games,,,,,,,,,,,,,,,,,,,0.07,,,,,,,,,,,,,,,,,,,,
Evolved Games,,,,,,,,,,,,,,,,,,,,,,,,,0.09,,,,,0.19,,0.32,,,,,,,
Excalibur Publishing,,,,,,,,,,,,,,,,,,,,,,,,,,,,,,,,0.14,0.28,,,,,,
Experience Inc.,,,,,,,,,,,,,,,,,,,,,,,,,,,,,,,,,,,0.01,0.05,0.060000000000000005,,
Extreme Entertainment Group,,,,,,,,,,,,,,,,,,,,,,,,,,,,,,,,,,,,0.03,,,
Falcom Corporation,,,,,,,,,,,,,,,,,,,,,,,,,,,,0.06999999999999999,0.18,0.51,0.8700000000000001,1.07,1.1800000000000002,1.2100000000000002,,,,,
Fields,,,,,,,,,,,,,,,,,,,,,,,,,,,,,,,,,0.03,,,,,,
Flashpoint Games,,,,,,,,,,,,,,,,,,,,,,,,,,0.04,,,,,0.08,,,,,,,,
Flight-Plan,,,,,,,,,,,,,,,,,,,,,,,,,,,,0.08,,0.12,,,,,,,,,
Focus Home Interactive,,,,,,,,,,,,,,,,,,,,,,,,,,,0.03,0.06,0.14,1.0500000000000003,1.7500000000000004,2.3700000000000006,4.300000000000001,4.870000000000001,6.920000000000002,7.280000000000002,7.440000000000002,,
Focus Multimedia,,,,,,,,,,,,,,,,,,,,,,,,,,,,,,,,,0.03,,,0.05,,,
Foreign Media Games,,,,,,,,,,,,,,,,,,,,,,,,,,,,,,,0.6300000000000001,,,,,,,,
Fortyfive,,,,,,,,,,,,,,,,,,,0.06,,,,,,,,,,,,,,,,,,,,
Fox Interactive,,,,,,,,,,,,,,,,,1.54,5.54,6.01,7.2299999999999995,7.39,,,,,,,,,,,,,,,,,,
From Software,,,,,,,,,,,,,,,0.08,,0.34,0.6200000000000001,0.8400000000000001,1.1,,1.1900000000000002,1.3000000000000003,,,,1.3500000000000003,,,1.4800000000000004,1.5100000000000005,,,1.6300000000000003,,,,,
FuRyu,,,,,,,,,,,,,,,,,,,,,,,,,,,,,,,0.01,0.16,0.29000000000000004,0.51,0.67,1.19,1.3199999999999998,,
FuRyu Corporation,,,,,,,,,,,,,,,,,,,,,,,,,,,,,,,,,,,,0.03,,,
Fuji,,,,,,,,,,,,,,,,0.03,,,,,,,,,,,,,,,,,,,,,,,
FunSoft,,,,,,,,,,,,,,,,,0.12,,,,,,,,,,,,,,,,,,,,,,
Funbox Media,,,,,,,,,,,,,,,,,,,,,,,,,,,,,,,,0.8600000000000001,0.9000000000000001,,,0.9100000000000001,,,
Funcom,,,,,,,,,,,,,,,,,,,,,,,,,,,,,,,0.03,,0.2,,,,,,
Funsta,,,,,,,,,,,,,,,,,,,,,,,,,,,0.02,0.16,,,,,,,,,,,
G.Rev,,,,,,,,,,,,,,,,,,,,,,,,,,,,,,0.01,0.04,,,,,,,,
GN Software,,,,,,,,,,,,,,,,,,,,,,,,,,,0.01,,0.04,,0.05,,,,,,,,
GOA,,,,,,,,,,,,,,,,,,,,,,,,,,,,,0.02,,,,,,,,,,
GSP,,,,,,,,,,,,,,,,,,,,,,,,,,,,,1.31,2.91,3.37,3.69,,,,,,,
GT Interactive,,,,,,,,,,,,,,,,0.27,5.98,12.390000000000002,18.17,25.23,,,,,,,,,,,,,,,,,,,
Gaga,,,,,,,,,,,,,,,,,0.02,,,,,,,,,,,,,,,,,,,,,,
Gainax Network Systems,,,,,,,,,,,,,,,,,,,0.16,,,,,,,,,,,,,,,,,,,,
Gakken,,,,,,,,,,,,,,,,,,,,,,,,,,,,0.04,,,,,,,,,,,
Game Arts,,,,,,,,,,,,,,,0.14,,,,,,,,,,,,,,,,,,,,,,,,
Game Factory,,,,,,,,,,,,,,,,,,,,,,,,0.04,0.27999999999999997,0.33999999999999997,0.58,2.1100000000000003,3.6400000000000006,,3.7900000000000005,,,,,,,,
Game Life,,,,,,,,,,,,,,,,,,,,,,,,,,,,0.13,,0.30000000000000004,,,,,,,,,
GameMill Entertainment,,,,,,,,,,,,,,,,,,,,,,,,,,,,,,,0.18,1.17,1.38,,,,,,
GameTek,,,,,,,,,,,,,,,,,,,0.1,,,,,,,,,,,,,,,,,,,,
Gamebridge,,,,,,,,,,,,,,,,,,,,,,,,,,,,,0.52,0.73,,,,,,,,,
Gamecock,,,,,,,,,,,,,,,,,,,,,,,,,,,,,0.19999999999999998,,,,,,,,,,
Gameloft,,,,,,,,,,,,,,,,,,,,,,,,,,,,0.11,,,,,,,,,,,
Gathering of Developers,,,,,,,,,,,,,,,,,,,,,,0.67,,0.73,1.19,,,,,,,,,,,,,,
General Entertainment,,,,,,,,,,,,,,,,,,,0.14,,,,,,,,,,,,,,,,,,,,
Genki,,,,,,,,,,,,,,,,,,,,0.17,,0.23,,1.32,,,,1.4100000000000001,,,,,1.4600000000000002,,,,,,
Genterprise,,,,,,,,,,,,,,,,,,,,,,,,,,,,,,0.01,,,,,,,,,
Ghostlight,,,,,,,,,,,,,,,,,,,,,,,,0.38,0.51,0.73,0.94,1.1099999999999999,1.22,1.85,1.9700000000000002,2.67,,,,,,,
Giga,,,,,,,,,,,,,,,,,,,,,,,,,,,,,,,,,,,0.02,,,,
Giza10,,,,,,,,,,,,,,,,,,,,,,,,,,,,,,,,,0.02,,,,,,
Glams,,,,,,,,,,,,,,,,0.08,,,,,,,,,,,,,,,,,,,,,,,
Global A Entertainment,,,,,,,,,,,,,,,,,,,,,,,,,,,0.03,0.1,0.15000000000000002,,,,,,,,,,
Global Star,,,,,,,,,,,,,,,,,,,,,,,,,5.529999999999999,7.56,7.6499999999999995,,,,,,,,,,,,
Gotham Games,,,,,,,,,,,,,,,,,,,,,,,1.57,3.1100000000000003,3.72,,,,,,,,,,,,,,
Graffiti,,,,,,,,,,,,,,,,,,,,,,,,,,,,,0.04,0.18000000000000002,0.38,,,,,,,,
Grand Prix Games,,,,,,,,,,,,,,,,,,,,,,,,,,,,0.06,,,,,,,,,,,
Graphsim Entertainment,,,,,,,,,,,,,,,,,,,,,,,,,,0.02,,,,,,,,,,,,,
Gremlin Interactive Ltd,,,,,,,,,,,,,,,,,0.39,0.71,1.1,,,,,,,,,,,,,,,,,,,,
Griffin International,,,,,,,,,,,,,,,,,,,,,,,,,,,,,,,0.09,,,,,,,,
Groove Games,,,,,,,,,,,,,,,,,,,,,,,,,,0.06,0.09,,,,,,,,,,,,
GungHo,,,,,,,,,,,,,,,,,,,,,,,,,,,,,0.42,0.75,,0.8200000000000001,1.25,2.91,2.95,,3.1500000000000004,,
Gust,,,,,,,,,,,,,,,,,0.01,0.26,,,,0.35,0.42,,,,,0.45999999999999996,0.6599999999999999,0.7999999999999999,0.83,0.85,1.04,1.1,,,,,
HAL Laboratory,,,,,,,,,,0.06,,,,,,,,,,,,,,,,,,,,,,,,,,,,,
HMH Interactive,,,,,,,,,,,,,,,,,,,,,,,,,,,,,0.03,0.14,,,,,,,,,
Hackberry,,,,,,,,,,,,,,,,,,,,,,,,,,,,0.21999999999999997,0.3,,0.31,,,,,,,,
Hamster Corporation,,,,,,,,,,,,,,,,,,,,,,,0.28,,,,0.30000000000000004,,,,,,,,,,,,
Happinet,,,,,,,,,,,,,,,,,,,,,,,,,,,,,,,,,,,0.11000000000000001,0.14,0.18000000000000002,,
Harmonix Music Systems,,,,,,,,,,,,,,,,,,,,,,,,,,,,,,,,,,,,0.8,,,
Hasbro Interactive,,,,,,,,,,,,,,,2.39,,,8.77,11.95,13.7,15.03,15.2,,,,,15.219999999999999,,,,,,,,,,,,
Havas Interactive,,,,,,,,,,,,,,,,,,,,,0.13,,,,,,,,,,,,,,,,,,
Headup Games,,,,,,,,,,,,,,,,,,,,,,,,,,,,,,,,,,0.03,,,,,
Hearty Robin,,,,,,,,,,,,,,,,,0.09,,,,,,,,,,,,,,,,,,,,,,
Hect,,,,,,,,,,,,,,0.19,0.46,0.5,,,,,,,,,,,,,,,,,,,,,,,
Hello Games,,,,,,,,,,,,,,,,,,,,,,,,,,,,,,,,,,,,,1.6,,
Her Interactive,,,,,,,,,,,,,,,,,,,,,,,,,,,,,,,,0.03,,,,,,,
Hip Interactive,,,,,,,,,,,,,,,,,,,,,,,,,0.19,0.36,,,,,,,,,,,,,
Home Entertainment Suppliers,,,,,,,,,,,,,,,,,,,,,,,,,,,,,,,0.06,0.45,,,,,,,
Hudson Entertainment,,,,,,,,,,,,,,,,,,0.79,0.8500000000000001,1.32,,1.4400000000000002,,1.5100000000000002,,,1.5300000000000002,1.5900000000000003,1.6000000000000003,1.6900000000000004,,,,,,,,,
Hudson Soft,,,,,1.1,2.13,6.79,,,,,7.23,8.02,9.04,12.09,12.91,14.01,15.87,15.899999999999999,16.07,16.23,16.72,17.369999999999997,17.929999999999996,18.009999999999994,18.229999999999993,18.459999999999994,18.969999999999995,19.739999999999995,21.559999999999995,22.779999999999994,23.009999999999994,,,,,,,
Human Entertainment,,,,,,,,,,,,0.39,,,1.12,1.5100000000000002,1.6300000000000003,2.0700000000000003,2.6900000000000004,3.0000000000000004,,,,,,,,,,,,,,,,,,,
HuneX,,,,,,,,,,,,,,,,,,,,,,,,,,,,,,,,,,,,0.03,,,
IE Institute,,,,,,,,,,,,,,,,,,,,,,,,,,,0.73,0.9,0.9400000000000001,,,,0.9600000000000001,,,,,,
ITT Family Games,,,0.34,,,,,,,,,,,,,,,,,,,,,,,,,,,,,,,,,,,,
Iceberg Interactive,,,,,,,,,,,,,,,,,,,,,,,,,,,,,,,,0.06,0.08,,,,,,
Idea Factory,,,,,,,,,,,,,,,,,,,,,,,0.05,,,0.08,0.25,0.3,0.52,0.8300000000000001,1.5100000000000002,2.0700000000000003,2.6200000000000006,2.9300000000000006,3.5900000000000007,3.880000000000001,4.000000000000001,4.010000000000001,
Idea Factory International,,,,,,,,,,,,,,,,,,,,,,,,,,,,,,,,,,,0.38,0.61,,,
Ignition Entertainment,,,,,,,,,,,,,,,,,,,,,,,0.53,0.76,1.75,2.8600000000000003,3.6700000000000004,4.460000000000001,5.940000000000001,6.210000000000001,,6.660000000000001,,,,,,,
Illusion Softworks,,,,,,,,,,,,,,,,,,,,,,,,,0.7,,,,,,,,,,,,,,
Imadio,,,,,,,,,,,,,,,,,,0.14,,,,,,,,,,,,,,,,,,,,,
Image Epoch,,,,,,,,,,,,,,,,,,,,,,,,,,,,,,,,,0.1,,,,,,
Imageworks,,,,,,,,,,,,,,,,0.02,,,,,,,,,,,,,,,,,,,,,,,
Imagic,,4.82,,,,,,,,,,,,,,,,,,,,,,,,,,,,,,,,,,,,,
Imagineer,,,,,,,,,,,,0.38,,,,,0.8300000000000001,1.44,1.63,2.26,2.53,2.65,,,,,,,,,,,,,,,,,
Imax,,,,,,,,,,,,,,0.06,,,,,,,,,,,,,,,,,,,,,,,,,
Indie Games,,,,,,,,,,,,,,,,,,,,,,,,,0.32,,,,,,,,,,,,,,
Infogrames,,,,,,,,,,,,,,,0.78,,1.09,1.96,2.64,3.8000000000000003,5.460000000000001,7.580000000000001,16.040000000000003,16.180000000000003,,,,,,,,,,,,,,,
Insomniac Games,,,,,,,,,,,,,,,,,,,,,,,,,,,,,,,,,,,,,0.12000000000000001,,
Interchannel,,,,,,,,,,,,,,,,,,,,,,,,,,,0.08,,0.1,,,,,,,,,,
Interchannel-Holon,,,,,,,,,,,,,,,,,,,,,,,,,,,,0.01,,,,,,,,,,,
Intergrow,,,,,,,,,,,,,,,,,,,,,,,,,,,,,,,,,,,,0.03,,,
Interplay,,,,,,,,,,,,,,0.01,,0.31,1.33,2.3200000000000003,3.1500000000000004,3.3600000000000003,4.36,4.99,5.38,5.9799999999999995,6.659999999999999,,,,,,,,,,,,,,
Interplay Productions,,,,,,,,,,,,,,,,,,0.1,,,,,,,,,,,,,,,,,,,,,
"Interworks Unlimited, Inc.",,,,,,,,,,,,,,,,,,,,,,,,,,,,,,,,,0.01,,,,,,
Inti Creates,,,,,,,,,,,,,,,,,,,,,,,,,,,,,,,,,,,,,0.01,,
Introversion Software,,,,,,,,,,,,,,,,,,,,,,,,,,,,,,,,,,,,,0.02,,
Irem Software Engineering,,,,,,,,,,,,,,,,,,,0.03,,,,,,,,0.09,0.14,0.29000000000000004,0.36000000000000004,0.41000000000000003,0.44000000000000006,0.4600000000000001,,,,,,
Ivolgamus,,,,,,,,,,,,,,,,,,,,,,,,,,,,,0.04,,,,,,,,,,
JVC,,,,,,,,,,,,,,,0.12,,2.61,2.6399999999999997,2.7199999999999998,2.7399999999999998,2.8,,,,,,,,,,,,,,,,,,
Jack of All Games,,,,,,,,,,,,,,,,,,,,,,,,,,0.38,,,,,,0.42,,,,,,,
Jaleco,,,,,,,,,,,,,,,,0.6,0.9299999999999999,,1.08,1.1,,,1.1600000000000001,1.5500000000000003,1.6200000000000003,,,1.8900000000000003,1.9400000000000004,,,,,,,,,,
Jester Interactive,,,,,,,,,,,,,,,,,,,,,,,0.71,0.75,,1.15,,,,,,,,,,,,,
JoWood Productions,,,,,,,,,,,,,,,,,,,,,,,0.02,,0.07,0.18000000000000002,0.24000000000000002,0.28,0.71,1.1,1.4900000000000002,,,,,,,,
Jorudan,,,,,,,,,,,,,,,,,,,,0.3,,,0.6599999999999999,0.95,,,,,,,,,,,,,,,
Just Flight,,,,,,,,,,,,,,,,,,,,,,,,,,,,,,,0.03,,,,,,,,
KID,,,,,,,,,,,,,,,,,,,0.03,,,,,,,,0.08,,,,,,,,,,,,
KSS,,,,,,,,,,,,,,,,,0.03,,,,,,,,,,,,,,,,,,,,,,
Kadokawa Games,,,,,,,,,,,,,,,,,,,,,,,,,,,,,,,,,0.02,0.07,0.27,0.36,0.58,,
Kadokawa Shoten,,,,,,,,,,,,,,,,,0.23,0.44,1.27,1.62,,,,,1.6400000000000001,1.6800000000000002,1.7000000000000002,1.9600000000000002,2.18,2.27,2.46,3.1399999999999997,3.36,3.56,3.7,3.77,,,
Kaga Create,,,,,,,,,,,,,,,,,,,,,,,,,,,,,,,,,,0.01,,0.14,,,
Kalypso Media,,,,,,,,,,,,,,,,,,,,,,,,,,,,0.01,0.060000000000000005,0.38000000000000006,0.6900000000000002,1.3200000000000003,1.3400000000000003,,1.5300000000000002,1.9500000000000002,,,
Kamui,,,,,,,,,,,,,,,,,,,,,,,,,,,,,,,0.03,,,,,,,,
Kando Games,,,,,,,,,,,,,,,,,,,,,,,,,,,0.03,,,,,,,,,,,,
Karin Entertainment,,,,,,,,,,,,,,,,,,,,,,,,,,,,,,,0.02,,,,,,,,
Kemco,,,,,,,,,,,,0.05,,,,,,0.5900000000000001,1.08,1.35,,1.4500000000000002,1.5100000000000002,2.2,,2.22,,,,,,,,,,,,,
Kids Station,,,,,,,,,,,,,,,,,,,,,,,,,,,,0.03,,,,,,,,,,,
King Records,,,,,,,,,,,,,,,,,,,,,,,0.02,,,,,,,,,,,,,,,,
Knowledge Adventure,,,,,,,,,,,,,,,,,,,,,,,,0.61,,,,,,1.47,,,,,,,,,
Koch Media,,,,,,,,,,,,,,,,,,,,,,,,,,,,,3.01,,,3.1399999999999997,,3.2199999999999998,,4.67,4.71,,
Kokopeli Digital Studios,,,,,,,,,,,,,,,,0.03,,,,,,,,,,,,,,,,,,,,,,,
Konami Digital Entertainment,,,,,,,4.99,5.92,,6.77,9.0,11.56,11.82,12.280000000000001,13.990000000000002,16.78,20.66,25.259999999999998,40.65,55.91,64.38,86.27,98.68999999999998,112.65999999999998,132.85999999999999,147.77999999999997,162.37999999999997,179.58999999999997,207.40999999999997,223.49999999999997,242.04999999999995,252.08999999999995,260.05999999999995,265.42999999999995,270.48999999999995,277.34999999999997,278.55999999999995,,
Kool Kizz,,,,,,,,,,,,,,,,,,,,,,,,0.04,,,,,,,,,,,,,,,
LEGO Media,,,,,,,,,,,,,,,,,,,,1.18,,1.42,1.56,,,,,,,,,,,,,,,,
LSP Games,,,,,,,,,,,,,,,,,,,,,,,0.03,0.12,,,,,,,,,,,,,,,
Laguna,,,,,,,,,,,,,,0.56,0.92,1.55,,,,,,,,,,,,,,,,,,,,,,,
Legacy Interactive,,,,,,,,,,,,,,,,,,,,,,,,,,,,,0.04,,,,,,,,,,
Level 5,,,,,,,,,,,,,,,,,,,,,,,,,,,,,,0.3500000000000001,2.29,3.09,4.87,5.36,8.040000000000001,10.350000000000001,12.170000000000002,,
Lexicon Entertainment,,,,,,,,,,,,,,,,,,,,,,,,,,,,0.03,0.05,,,,,,,,,,
Licensed 4U,,,,,,,,,,,,,,,,,,,,,,,,,,,,,,,,,0.07,,,,,,
Lighthouse Interactive,,,,,,,,,,,,,,,,,,,,,,,,,,,,0.02,,,,,,,,,,,
Liquid Games,,,,,,,,,,,,,,,,,,,,,,,0.26,,,,0.27,,,,,,,,,,,,
Little Orbit,,,,,,,,,,,,,,,,,,,,,,,,,,,,,,,0.15,,,0.2,1.34,2.04,,,
Locus,,,,,,,,,,,,,,,,,,,0.07,,,,,,,,,,,,,,,,,,,,
LucasArts,,,,,,,,,,,,,,,1.95,,2.5,3.18,,6.130000000000001,6.390000000000001,8.97,11.13,13.32,17.25,27.12,34.56,53.260000000000005,69.05000000000001,73.14000000000001,77.22000000000001,84.95000000000002,,,,,,,
MC2 Entertainment,,,,,,,,,,,,,,,,,,,,,,,,,0.06,0.08,,,,,,,,,,,,,
MLB.com,,,,,,,,,,,,,,,,,,,,,,,,,,,,,,,,,,,,,0.04,,
MTO,,,,,,,,,,,,,,,,,,,0.1,,,,,,,,0.26,0.37,0.38,,0.4,,,,,,,,
MTV Games,,,,,,,,,,,,,,,,,,,,,,,,,,,,,5.070000000000001,12.020000000000005,18.650000000000006,18.860000000000007,,,,,,,
Mad Catz,,,,,,,,,,,,,,,,,,,,,,,,,0.2,,0.23,,,,,,0.30000000000000004,,,,,,
Magical Company,,,,,,,,,,,,,,,,,,,0.41,,,,,,,,,,,,,,,,,,,,
Magix,,,,,,,,,,,,,,,,,,,,,,0.31,,,,,,,,0.35,,,,,,,,,
Majesco Entertainment,,,,,,,,,,,,,,,,,,,,,,1.09,1.1400000000000001,1.85,4.390000000000001,4.98,5.3500000000000005,6.300000000000001,7.670000000000001,11.100000000000001,11.980000000000002,15.310000000000002,,15.810000000000002,,,,,
Mamba Games,,,,,,,,,,,,,,,,,,,,,,,,,,,,,0.03,,0.05,,,,,,,,
Marvel Entertainment,,,,,,,,,,,,,,,,,,,,,,,,,,,,,,,,,,,,0.05,,,
Marvelous Entertainment,,,,,,,,,,,,,,,,,,,,,,,,,,,,,,,,,1.05,1.79,2.1,2.3200000000000003,2.33,,
Marvelous Games,,,,,,,,,,,,,,,,,,,,,,,,,,,,,,,,,,,,0.02,,,
Marvelous Interactive,,,,,,,,,,,,,,,,,,,,,,,0.08,0.11,0.35,0.84,0.9099999999999999,1.1199999999999999,1.43,1.77,2.27,3.27,,,3.54,3.98,4.17,,
Masque Publishing,,,,,,,,,,,,,,,,,,,,,,,,,,,,,,,,0.02,,,,,,,
Mastertronic,,,,,,,,,,,,,,,,,,,,,,,,,,,0.02,,,0.07,0.14,1.7200000000000002,1.7300000000000002,,,,,,
Mastiff,,,,,,,,,,,,,,,,,,,,,,,,,0.1,0.18,,,,0.8,1.97,2.23,,,,,,,
Mattel Interactive,,2.53,2.92,,,,,,,,,,,,,,,,,3.28,3.51,,,,,,,,,,,,,,,,,,
Max Five,,,,,,,,,,,,,,,,,,,,,,0.05,,,,,,,,,,,,,,,,,
Maximum Family Games,,,,,,,,,,,,,,,,,,,,,,,,,,,,,,,,,0.03,,,,,,
Maxis,,,,,,,,,0.03,,,,2.17,,,,3.3899999999999997,,,,,,,,,,,,,,,,,,,,,,
Media Entertainment,,,,,,,,,,,,,,,,,,,,,,,0.01,,,,,,,,,,,,,,,,
Media Factory,,,,,,,,,,,,,,,,,,,,,0.14,0.29000000000000004,,,,,,,,,,,,,,,,,
Media Rings,,,,,,,,,,,,,,,0.36,0.45999999999999996,,,,,,,0.6499999999999999,,,,,,,,,,,,,,,,
Media Works,,,,,,,,,,,,,,,,,0.04,,0.13,,,,,,,,0.16,0.18,,,,,,,,,,,
MediaQuest,,,,,,,,,,,,,,,,0.05,,,,,,,,,,,,,,,,,,,,,,,
Men-A-Vision,,0.77,,,,,,,,,,,,,,,,,,,,,,,,,,,,,,,,,,,,,
Mentor Interactive,,,,,,,,,,,,,,,,,,,,,,,,,,,,,,0.99,1.06,1.07,,,,,,,
Mercury Games,,,,,,,,,,,,,,,,,,,,,,,,,,,,0.08,0.21000000000000002,,,,,,,,,,
Merscom LLC,,,,,,,,,,,,,,,,,,,,,,,,,,,,,,0.2,,,,,,,,,
Metro 3D,,,,,,,,,,,,,,,,,,,,,,0.6,1.35,1.6700000000000002,,,,1.7900000000000003,1.8400000000000003,,,,,,,,,,
Michaelsoft,,,,,,,,,,,,,,,,,,,,,,,,,,,0.01,,,,,,,,,,,,
Micro Cabin,,,,,,,,,,,,,,,0.02,0.1,0.2,,,,,,,,,,,,,,,,,,,,,,
Microids,,,,,,,,,,,,,,,,,,,,,,,0.08,0.2,0.29000000000000004,0.36000000000000004,,,,,,,,,,,0.4,,
Microprose,,,,,,,,,,,,,,,,0.09,0.91,0.92,,1.98,,,,,,,,,,,,,,,,,,,
Microsoft Game Studios,,,,,,,,,,,,,,,,,5.12,,,5.22,6.21,19.700000000000003,26.660000000000004,35.58,49.26,54.949999999999996,64.92999999999999,91.03,106.34,121.95,171.11,192.39000000000001,207.72000000000003,224.11,234.42000000000002,244.37,245.79,,
Midas Interactive Entertainment,,,,,,,,,,,,,,,,,,0.02,0.13999999999999999,0.18,1.27,1.83,2.39,,,2.45,2.48,2.54,2.57,2.7199999999999998,,,,,,,,,
Midway Games,,,,,,,,,,,,,,,,,0.13,1.54,7.12,10.77,14.969999999999999,20.15,28.489999999999995,32.99999999999999,41.21999999999999,46.40999999999999,51.90999999999999,60.00999999999999,69.28999999999999,,,,,,,,,,
Milestone,,,,,,,,,,,,,,,,,,,,,,,,,,,,,0.08,,,,,,,,,,
Milestone S.r.l,,,,,,,,,,,,,,,,,,,,,,,,,,,,,,,,,,,,,0.05,,
Milestone S.r.l.,,,,,,,,,,,,,,,,,,,,,,,,,,,,,,,,,,,0.41000000000000003,1.1400000000000001,1.2800000000000002,,
Minato Station,,,,,,,,,,,,,,,,,,,,,,,,,,,,,0.02,,,,0.04,,,0.05,,,
Mindscape,,,,,,,,,,,,,,,,0.24,0.49,0.63,0.85,0.89,0.91,,,1.1,,,,3.3400000000000003,3.68,7.169999999999999,7.739999999999999,,,,,,,,
Mirai Shounen,,,,,,,,,,,,,,,,,,,,,,,,,,,,,0.02,,,,,,,,,,
Misawa,,,,,,,,,,,,,,0.05,0.07,,,,,,,,,,,,,,,,,,,,,,,,
Mitsui,,,,,,,,,,,,,,,,,,,0.08,,,,,,,,,,,,,,,,,,,,
Mojang,,,,,,,,,,,,,,,,,,,,,,,,,,,,,,,,,,,,2.89,,,
Monte Christo Multimedia,,,,,,,,,,,,,,,,,,,,,,,,,,,,0.05,,,,,,,,,,,
Moss,,,,,,,,,,,,,,,,,,,,,,,,,,,,,0.12,,,,,0.13,,,,,
Mud Duck Productions,,,,,,,,,,,,,,,,,,,,,,,,0.3,0.8500000000000001,,,,,,,,,,,,,,
Mumbo Jumbo,,,,,,,,,,,,,,,,,,,,,,,,,,,0.02,0.37000000000000005,0.5800000000000001,,,,,,,,,,
Mycom,,,,,,0.02,,,,,,,,,,,,,,,,,,,,,,,,,,,,,,,,,
Myelin Media,,,,,,,,,,,,,,,,,,,,,,,,,,,0.13,,,,,,,,,,,,
Mystique,,0.82,,,,,,,,,,,,,,,,,,,,,,,,,,,,,,,,,,,,,
NCS,,,,,,,,,,,,,,,,,0.2,0.31,0.4,,,,,,,,,,,,,,,,,,,,
NCSoft,,,,,,,,,,,,,,,,,,,,,,,,,,0.07,0.12000000000000001,,,,,,2.42,,2.59,,,,
NDA Productions,,,,,,,,,,,,,,,,,,,,,,,0.12,,,,,,,,,,,,,,,,
NEC,,,,,,,,,,,,,,,,0.14,0.43000000000000005,,,,,,,,,,,,,,,,,,,,,,
NEC Interchannel,,,,,,,,,,,,,,,,,0.06,0.27,0.6000000000000001,,0.7400000000000001,,,,,,,,0.7800000000000001,,,,,,,,,,
Namco Bandai Games,,,,,3.43,4.890000000000001,10.170000000000002,12.840000000000002,15.270000000000001,16.37,17.0,18.03,19.07,24.45,26.169999999999998,28.689999999999998,32.18,38.52,44.38,49.32,59.02,66.9,79.88000000000001,90.34,95.83,110.61999999999999,122.32,129.91,140.81,157.58,173.99,196.07000000000002,212.0,221.96,231.6,247.16,253.65,,
Natsume,,,,,,,,,,,,,,,,,1.25,1.35,,,1.62,1.7100000000000002,2.18,2.5500000000000003,,,2.64,2.77,,2.85,3.54,,,,3.69,,,,
Navarre Corp,,,,,,,,,,,,,,,,,,,,,,,,,,,,,0.05,,,,,,,,,,
Naxat Soft,,,,,,,,,,,,,,,,,,,,,,,,,,,,,0.01,,,,,,,,,,
Neko Entertainment,,,,,,,,,,,,,,,,,,,,,,,,,,,,0.06,0.11,0.13,0.31,,,,,,,,
NetRevo,,,,,,,,,,,,,,,,,,,,,,,,,,,,,,,0.02,,0.03,,,,,,
New,,,,,,,,,,,,,,,,0.36,,,,,,,,,,,,,,,,,,,,,,,
New World Computing,,,,,,,,,,,,,0.01,,,,,,,,,,,,,,,,,,,,,,,,,,
NewKidCo,,,,,,,,,,,,,,,,,,,0.55,0.92,,0.93,1.19,1.33,,,,,,,,,,,,,,,
Nexon,,,,,,,,,,,,,,,,,,,,,,,,,,,,,,,0.03,,,,,,,,
Nichibutsu,,,,,,,,,,,,,,,,0.28,,,,,,,,,,,,,,,,,,,,,,,
Nihon Falcom Corporation,,,,,,,,,,,,,,,,,,,,,,,,,,,,,,,,,0.43,,0.49,0.64,0.77,,
Nintendo,,,,10.959999999999999,56.52000000000001,106.47000000000001,122.65,134.6,171.04,234.92000000000002,270.41,286.38000000000005,324.49000000000007,344.5300000000001,369.5200000000001,386.24000000000007,459.94000000000005,485.74000000000007,534.1500000000001,599.4800000000001,633.5300000000001,678.9000000000001,727.21,765.35,826.0,953.47,1159.08,1263.26,1354.48,1483.37,1544.4399999999998,1595.9699999999998,1652.4399999999998,1705.2299999999998,1753.8799999999999,1780.9599999999998,1784.4299999999998,,
Nippon Amuse,,,,,,,,,,,,,,,,,,,,,,,0.09,,,,,,,,,,,,,,,,
Nippon Columbia,,,,,,,,,,,,,,,,,,,,,,,,,,,,,,,,,0.28,0.51,0.75,0.89,0.95,,
Nippon Ichi Software,,,,,,,,,,,,,,,,,,,0.04,,,,,,,,,0.51,1.15,2.39,3.45,5.24,5.67,9.14,11.94,13.41,13.98,,
Nippon Telenet,,,,,,,,,,,,,,,,,0.26,,,,,,,,,,,,,,,,,,,,,,
Nitroplus,,,,,,,,,,,,,,,,,,,,,,,,,,,,,,,,,,,0.01,0.02,,,
Nobilis,,,,,,,,,,,,,,,,,,,,,,,,,,,,0.060000000000000005,1.7100000000000004,1.8000000000000005,1.9400000000000004,,,,,,,,
Nordcurrent,,,,,,,,,,,,,,,,,,,,,,,,,,,,0.05,0.25,0.48,0.59,,,,,,,,
Nordic Games,,,,,,,,,,,,,,,,,,,,,,,,,,,,,0.27,1.51,2.27,3.08,3.62,3.68,3.79,4.41,4.44,,
NovaLogic,,,,,,,,,,,,,,,,,,,,,,,,,,0.8,,,,0.8200000000000001,,,,,,,,,
Number None,,,,,,,,,,,,,,,,,,,,,,,,,,,,,,0.03,,,,,,,,,
O-Games,,,,,,,,,,,,,,,,,,,,,,,,,,,,,,0.02,0.8100000000000003,1.0800000000000003,,,,,,,
O3 Entertainment,,,,,,,,,,,,,,,,,,,,,,,,,0.09,,0.11,0.22,,,,,,,,,,,
Ocean,,,,,,,,,,,,,0.28,0.64,,0.93,1.06,2.71,3.61,,,,,,,,,,,,,,,,,,,,
Office Create,,,,,,,,,,,,,,,,,,,,,,,,,,,,,,,,,,0.03,0.06,,,,
On Demand,,,,,,,,,,,,,,,,,,0.21,,,,,,,,,,,,,,,,,,,,,
Ongakukan,,,,,,,,,,,,,,,,,,,,,,,,,,,0.01,,,,,,,,,,,,
Origin Systems,,,,,,,,,,,,,,,,,,0.09,,,,,,,,,,,,,,,,,,,,,
Otomate,,,,,,,,,,,,,,,,,,,,,,,,,,,,,,,,,,0.01,,,,,
Oxygen Interactive,,,,,,,,,,,,,,,,,,,,,,,,,,0.34,2.14,2.2800000000000002,2.95,3.45,,,,,,,,,
P2 Games,,,,,,,,,,,,,,,,,,,,,,,,,,,,,,0.08,,0.4,,,,,,,
PM Studios,,,,,,,,,,,,,,,,,,,,,,,,,,,,,,0.1,,,,,,,,,
PQube,,,,,,,,,,,,,,,,,,,,,,,,,,,,0.15,0.29000000000000004,1.36,2.38,3.23,3.31,3.52,,4.04,4.2700000000000005,,
Pacific Century Cyber Works,,,,,,,,,,,,,,,,,,,,,,,0.26,,,,,,,,,,,,,,,,
Pack In Soft,,,,,,,,,,,,,,,,,,,,0.48,,,,,,,,,,,,,,,,,,,
Pack-In-Video,,,,,,,,,,,,,,,,0.11,,,,,,,,,,,,,,,,,,,,,,,
Palcom,,,,,,,,,,4.17,,,,,,,,,,,,,,,,,,,,,,,,,,,,,
Panther Software,,,,,,,,,,,,,,,,0.17,,,,,,,,,,,,,,,,,,,,,,,
Paon,,,,,,,,,,,,,,,,,,,,,,,,,,,,0.14,0.21000000000000002,,0.23,0.25,,,,,,,
Paon Corporation,,,,,,,,,,,,,,,,,,,,,,,,,,,,,,,,,,0.03,,,,,
Paradox Development,,,,,,,,,,,,,,,,,,,,,,,,,,,,,,,,,,,,,0.01,,
Paradox Interactive,,,,,,,,,,,,,,,,,,,,,,,,,,,,0.03,0.07,0.19,0.33999999999999997,0.52,0.54,,0.56,0.7000000000000001,0.76,,
Parker Bros.,,3.3500000000000005,4.470000000000001,4.970000000000001,,,,,,,,,,,,,,,,,,,,,,,,,,,,,,,,,,,
Performance Designed Products,,,,,,,,,,,,,,,,,,,,,,,,,,,,,,0.36,,,,,,,,,
Phantagram,,,,,,,,,,,,,,,,,,,,,,,0.05,,,,,,,,,,,,,,,,
Phantom EFX,,,,,,,,,,,,,,,,,,,,,,,,,,,,,,0.09,,,,,,,,,
Phenomedia,,,,,,,,,,,,,,,,,,,,,,,,,,,,0.11,0.14,0.19,,,,,,,,,
Phoenix Games,,,,,,,,,,,,,,,,,,,,,,,,,,,,0.02,,,,,,,,,,,
Piacci,,,,,,,,,,,,,,,,,,,,,,,,,,,,,,,0.01,,,,,,,,
Pinnacle,,,,,,,,,,,,,,,,,,,,,,,,,,,,,1.04,1.42,,,,,,,,,
Pioneer LDC,,,,,,,,,,,,,,,,,0.62,,0.69,,,0.74,,,,,,,,,,,,,,,,,
Play It,,,,,,,,,,,,,,,,,,,,,,,1.1500000000000001,1.4600000000000002,3.880000000000001,4.3100000000000005,,,,,,,,,,,,,
PlayV,,,,,,,,,,,,,,,,,,,,,,,,,,,,,,0.02,0.44,,,,,,,,
Playlogic Game Factory,,,,,,,,,,,,,,,,,,,,,,,,,,0.12,,,0.33999999999999997,1.2000000000000002,,,,,,,,,
Playmates,,,,,,,,,,,,,,,,,,0.28,,,,,,,,,,,,,,,,,,,,,
Playmore,,,,,,,,,,,,,,,,,,,,,,,0.04,,,,,,,,,,,,,,,,
Plenty,,,,,,,,,,,,,,,,,,,,,,,,,,,,,,,,0.02,,,,,,,
Pony Canyon,,,,,,,,,,,,,,,,,,,,,0.05,,,,,,,,,,,,,,,,,,
PopCap Games,,,,,,,,,,,,,,,,,,,,,,,,,,,0.01,0.05,0.36,0.9,1.34,1.57,,,,,,,
PopTop Software,,,,,,,,,,,,,,,,,,,,0.11,,,,,,,,,,,,,,,,,,,
Popcorn Arcade,,,,,,,,,,,,,,,,,,,,,,,,,,,,0.25,0.49,,,,,,,,,,
Pow,,,,,,,,,,,,,,,,0.05,,,,,,,,,,,,,,,,,,,,,,,
Princess Soft,,,,,,,,,,,,,,,,,,,,,,,0.02,,,,0.05,,0.07,,,,,,,,,,
Prototype,,,,,,,,,,,,,,,,,,,,,,,,,,,,0.09,0.16999999999999998,0.3,0.41000000000000003,0.45,0.52,0.53,0.5800000000000001,0.6000000000000001,0.6100000000000001,,
Psygnosis,,,,,,,,,,,,,,,0.06,1.7500000000000004,4.07,5.800000000000001,6.540000000000001,7.150000000000001,7.270000000000001,,,,,,,,,,,,,,,,,,
Quelle,,,0.87,,,,,,,,,,,,,,,,,,,,,,,,,,,,,,,,,,,,
Quest,,,,,,,,,,,,,,,,0.71,,,,,,,,,,,,,,,,,,,,,,,
Quinrose,,,,,,,,,,,,,,,,,,,,,,,,,,,,,,,,0.12000000000000001,0.18000000000000002,0.2,0.22,,,,
Quintet,,,,,,,,,,,,,,,,,,,0.02,,,,,,,,,,,,,,,,,,,,
RED Entertainment,,,,,,,,,,,,,,,,,,,,,,,,,,,,,,,0.02,,,,,,,,
RTL,,,,,,,,,,,,,,,,,,,,,,,,,,,,1.26,1.9200000000000002,2.0,,,,,,,,,
Rage Software,,,,,,,,,,,,,,,,,,,,,,0.14,1.4200000000000004,,,,,,,,,,,,,,,,
Rain Games,,,,,,,,,,,,,,,,,,,,,,,,,,,,,,,,,,,,0.01,,,
Rebellion,,,,,,,,,,,,,,,,,,,,,,0.48,0.49,,,,,,,,,,,,,,,,
Rebellion Developments,,,,,,,,,,,,,,,,,,,,,,,,,,,,,,,,,,,,0.30000000000000004,,,
Red Orb,,,,,,,,,,,,,,,2.81,,,5.24,,,,,,,,,,,,,,,,,,,,,
Red Storm Entertainment,,,,,,,,,,,,,,,,,,,,2.28,,2.32,,,,,,,,,,,,,,,,,
RedOctane,,,,,,,,,,,,,,,,,,,,,,,,,,2.4499999999999997,7.57,8.68,,,,,,,,,,,
Reef Entertainment,,,,,,,,,,,,,,,,,,,,,,,,,,,,,,0.12,0.24,,0.33999999999999997,,,,,,
Revolution (Japan),,,,,,,,,,,,,,,,,,,,,,,,,,,,,,0.02,,,,,,,,,
Revolution Software,,,,,,,,,,,,,,,,,,,,,,,,,,,,,,,,,,,,0.06999999999999999,,,
Rising Star Games,,,,,,,,,,,,,,,,,,,,,,,,,,0.8,2.2600000000000002,7.140000000000001,11.56,14.370000000000001,15.360000000000001,16.68,16.77,17.25,,,17.27,,
Riverhillsoft,,,,,,,,,,,,,,,,0.04,,,,,,,,,,,,,,,,,,,,,,,
Rocket Company,,,,,,,,,,,,,,,,,,,,,,,,,,,0.6900000000000001,1.1300000000000001,1.1400000000000001,1.2000000000000002,1.35,1.4200000000000002,1.5500000000000003,1.6300000000000003,1.7000000000000004,1.7900000000000005,1.8200000000000005,,
Rondomedia,,,,,,,,,,,,,,,,,,,,,,,,,,,,,0.73,2.2700000000000005,2.3100000000000005,2.5500000000000007,,,,2.5800000000000005,,,
Russel,,,,,,,,,,,,,,,,,,,,,,,,,,,,1.12,1.1300000000000001,1.1600000000000001,1.2100000000000002,,,,,,,,
SCS Software,,,,,,,,,,,,,,,,,,,,,,,,,,,,,,,,,0.13,,,,,,
SCi,,,,,,,,,,,,,,,,,,,,,,,0.87,2.39,3.25,3.52,,,,,,,,,,,,,
SNK,,,,,,,,,,,,,,0.21000000000000002,1.01,1.29,1.75,1.83,2.23,2.34,2.52,,,,,2.59,,,,,,,,,,,,,
SNK Playmore,,,,,,,,,,,,,,,,0.28,,,0.32,0.45,,,,,,0.63,0.65,0.8200000000000001,0.8600000000000001,0.9200000000000002,0.9600000000000002,,,,,,,,
SPS,,,,,,,,,,,,,,,,,0.12,,,,,,,,,,,,,,,,,,,,,,
SSI,,,,,,,,,,,,,,,,,0.19,,,,,,,,,,,,,,,,,,,,,,
Sammy Corporation,,,,,,,,,,,,,,0.19,,,,,,,,0.53,1.4900000000000002,1.6500000000000001,2.6500000000000004,,2.7300000000000004,,,,,,,,,,,,
Saurus,,,,,,,,,,,,,,,,,,,0.02,,,,,,,,,,,,,,,,,,,,
Scholastic Inc.,,,,,,,,,,,,,,,,,,,,,,,,,,,,0.83,1.8900000000000001,,2.47,2.91,,,,,,,
Screenlife,,,,,,,,,,,,,,,,,,,,,,,,,,,,,,,,,,0.83,,0.8999999999999999,0.9199999999999999,,
Sega,,,0.4,,,,,,,,3.0,7.34,15.32,17.25,24.779999999999998,32.71,37.0,39.14,43.730000000000004,48.09,51.970000000000006,58.57000000000001,70.87,83.4,95.33,106.92,122.73,146.42000000000002,183.61000000000004,208.53000000000003,231.42000000000002,248.21,257.44,262.7,268.34,269.89,270.65999999999997,270.7,
Seta Corporation,,,,,,,,,,,,,,,,0.32999999999999996,0.6299999999999999,,,,,,,,,,,,,,,,,,,,,,
Seventh Chord,,,,,,,,,,,,,,,,,,,,,,,,,,,,,,,,,,0.08,,,,,
Shogakukan,,,,,,,,,,,,,,,,0.11,,,,,,,,,,,0.31,0.41000000000000003,,,,,,,,0.44000000000000006,,,
Simon & Schuster Interactive,,,,,,,,,,,,,,,,,,,,,,,0.11,,,,,,,,,,,,,,,,
Slightly Mad Studios,,,,,,,,,,,,,,,,,,,,,,,,,,,,,,,,,,,,1.3800000000000001,,,
Slitherine Software,,,,,,,,,,,,,,,,,,,,,,,,,,,,,,0.03,0.16,,,,,,,,
Societa,,,,,,,,,,,,,,,,,0.04,,,,,,,,,,,,,,,,,,,,,,
Sold Out,,,,,,,,,,,,,,,,,,,,,,,,,,,,,,,,,,,,,0.02,,
Sonnet,,,,,,,,,,,,,,,,0.04,0.06,,,,,,,,,,,,,,,,,,,,,,
Sony Computer Entertainment,,,,,,,,,,,,,,,3.43,21.879999999999995,56.949999999999996,100.85,135.49,171.73000000000002,193.42000000000002,236.71,262.56,286.88,322.04,348.42,382.23,419.77000000000004,446.41,482.94000000000005,517.83,545.23,558.08,570.69,589.71,600.72,607.28,,
Sony Computer Entertainment America,,,,,,,,,,,,,,,,,,,,,,,,,,,,,,,,,,,1.1800000000000002,,,,
Sony Computer Entertainment Europe,,,,,,,,,,,,,,,,,,,,,,3.17,,,4.88,,,,,,,,5.13,15.649999999999999,22.25,23.89,,,
Sony Music Entertainment,,,,,,,,,,,,,,,,,,,,,,0.14,,,,,,,,,,,,,,,,,
Sony Online Entertainment,,,,,,,,,,,,,,,,,,,,,,,,0.62,1.9,2.55,2.71,,,,,3.5300000000000002,,,,,,,
SouthPeak Games,,,,,,,,,,,,,,,,,,,,0.11,,,,,1.31,1.88,2.02,3.06,3.8000000000000003,5.7700000000000005,6.3500000000000005,,,,,,,,
Spike,,,,,,,,,,,,,,,,,,,,,,0.13,0.25,,0.33,,1.4700000000000002,3.39,3.7800000000000002,4.92,5.55,5.74,6.15,,,,,,
Square,,,,,,,,,,,,1.77,,,1.8800000000000001,,,2.5100000000000002,,3.12,,3.64,,,,,,,,,,,,,,,,,
Square EA,,,,,,,,,,,,,,,,,,,,0.8,,,,,,,,,,,,,,,,,,,
Square Enix,,,,,,,,,,,,,,,,,,,,,,,,2.42,10.56,17.270000000000003,30.700000000000003,47.0,57.03,67.86,85.3,97.75999999999999,108.13,121.99,132.34,141.2,144.73,,
SquareSoft,,,,,,,,0.84,1.6,2.7,4.1,5.24,8.66,11.66,15.4,20.5,21.71,28.39,35.08,48.599999999999994,55.14999999999999,55.39999999999999,55.51999999999999,57.64999999999999,,,,,,,,,,,,,,,
Stainless Games,,,,,,,,,,,,,,,,,,,,,,,,,,,,,,,,,,,,,0.01,,
Starfish,,,,,,,,,,,,,,,,,,0.36,,0.47,,0.52,,,,,,0.62,,0.64,0.66,0.7000000000000001,0.7200000000000001,,,,,,
Starpath Corp.,,0.33,,,,,,,,,,,,,,,,,,,,,,,,,,,,,,,,,,,,,
Sting,,,,,,,,,,,,,,,,,,,,,,,,,0.1,,0.13,0.24,0.62,,0.65,,,,,,,,
Storm City Games,,,,,,,,,,,,,,,,,,,,,,,,,,,,,,0.36,1.4700000000000002,1.5600000000000003,,,,,,,
Strategy First,,,,,,,,,,,,,,,,,,,,,,0.03,,,,,,,,,,,,,,,,,
Success,,,,,,,,,,,,,,,,,,,1.15,1.17,1.18,1.27,1.3,,,1.37,1.4000000000000001,1.7200000000000002,1.87,1.8800000000000001,,,,1.9500000000000002,1.9600000000000002,,,,
Summitsoft,,,,,,,,,,,,,,,,,,,,,,,,,0.04,,,,,,,,,,,,,,
Sunflowers,,,,,,,,,,,,,,,,,,,,,,,,,0.03,,,,,,,,,,,,,,
Sunrise Interactive,,,,,,,,,,,,,,,,,,,,,0.13,,,,,,0.15,0.16999999999999998,,,,,,,,,,,
Sunsoft,,,,,,,,,,,,,,,0.12000000000000001,0.15000000000000002,0.22000000000000003,0.33,0.47000000000000003,0.6100000000000001,0.8600000000000001,,,,,,,,,,,0.9500000000000001,,,,,,,
Sweets,,,,,,,,,,,,,,,,,,,,,,,,,,,0.02,,,0.05,,,,,,,,,
Swing! Entertainment,,,,,,,,,,,,,,,,,,,0.05,,0.22999999999999998,0.33999999999999997,0.48,,,,,,,,,,,,,,,,
Syscom,,,,,,,,,,,,,,,,,,,0.16,0.27,,,,,,,,,,,,,,,,,,,
System 3,,,,,,,,,,,,,,,,,,,,,,,,,,,,,,,,,,0.22000000000000003,,,,,
System 3 Arcade Software,,,,,,,,,,,,,,,,,,,,,,,,,,,0.2,0.39,1.7200000000000002,1.7800000000000002,,,,,,,,,
System Soft,,,,,,,,,,,,,,,,,,,,,,,,,,,,,0.02,,0.04,0.05,,,,,,,
T&E Soft,,,,,,,,,,,,,,0.12,,,,,,,,,,,,,,,,,,,,,,,,,
TDK Core,,,,,,,,,,,,,,,,,,,,,0.18,,0.37,,,,0.59,0.62,,,,,,,,,,,
TDK Mediactive,,,,,,,,,,,,,,,,,,,,,,0.75,4.23,6.98,8.31,,,,,,,,,,,,,,
TGL,,,,,,,,,,,,,,,,,,,,,,,,,,,,,,0.01,,,,,,0.09999999999999999,,,
THQ,,,,,,,,,,,,,,,,0.63,,2.5300000000000002,15.700000000000003,19.71,35.57,57.82000000000001,84.70000000000002,114.08000000000001,142.77,165.0,189.94,223.23,253.67999999999998,284.51,306.62,333.38,340.08,340.44,,,,,
TOHO,,,,,,,,,,,,,,0.11,,,,,,,,,,,,,,,,,,,,,,,,,
TYO,,,,,,,,,,,,,,,,,,,0.42,,,,,,,,,,,,,,,,,,,,
Taito,,0.24,,,,,,,,,,,,,0.7,0.76,,1.85,,2.38,,2.44,2.67,2.6799999999999997,,,2.7399999999999998,2.82,,,2.84,,,,,,,,
Takara,,,,,,,,,,,,,0.39,0.8400000000000001,1.8000000000000003,1.8500000000000003,2.14,2.72,3.04,3.09,,3.37,3.41,3.45,,,,,,,,,,,,,,,
Takara Tomy,,,,,,,,,,,,,,,,,,,,,,,,,,,0.34,0.8400000000000001,1.8900000000000001,2.1900000000000004,2.4100000000000006,2.4300000000000006,,2.5900000000000007,,2.7000000000000006,,,
Take-Two Interactive,,,,,,,,,,,,,,,,,,2.7199999999999998,8.17,9.85,15.879999999999999,36.309999999999995,56.599999999999994,67.16999999999999,91.27999999999999,117.57,138.16,157.97,204.15,223.26,259.09999999999997,277.13,298.71,351.11999999999995,381.37999999999994,396.4099999999999,399.2999999999999,,
Takuyo,,,,,,,,,,,,,,,,,,,,,,,,,,,,,,,,0.01,,,,,,,
TalonSoft,,,,,,,,,,,,,,,,,,,,,,0.87,,,,,,,,,,,,,,,,,
Team17 Software,,,,,,,,,,,,,,,,,,,,,,,,,,,,,,,0.05,,,,,,,,
TechnoSoft,,,,,,,,,,,,,,,,,,,0.05,,,,,,,,,,,,,,,,,,,,
Technos Japan Corporation,,,,,,,,,,,,,,,,0.02,,,,,,,,,,,,,,,,,,,,,,,
Tecmo Koei,,,,,,,,,,,,0.53,0.8200000000000001,1.97,2.5,3.04,3.69,5.42,5.8,6.43,8.3,9.010000000000002,11.310000000000002,15.490000000000002,17.990000000000002,21.270000000000003,24.900000000000002,30.479999999999997,34.559999999999995,36.599999999999994,39.019999999999996,42.23,44.66,47.33,50.37,52.629999999999995,53.55,,
Telegames,,,,,,,,,,,,,,,,,,,,0.02,,,,0.22,,0.24,,0.78,0.86,,1.03,,,,,,,,
Telltale Games,,,,,,,,,,,,,,,,,,,,,,,,,,,,,,,,0.19,,,2.12,2.5100000000000002,2.72,,
Telstar,,,,,,,,,,,,,,,,0.06,,,0.27,,,,,,,,,,,,,,,,,,,,
Tetris Online,,,,,,,,,,,,,,,,,,,,,,,,,,,,,,,,0.43,,,,,,,
The Adventure Company,,,,,,,,,,,,,,,,,,,,,,,,,,,,,0.25,0.51,,,,,,,,,
The Learning Company,,,,,,,,,,,,,,,,,,,,,0.05,,,,,,,,,,,,,,,,,,
Tigervision,,1.14,1.42,,,,,,,,,,,,,,,,,,,,,,,,,,,,,,,,,,,,
Time Warner Interactive,,,,,,,,,,,,,,,0.11,0.19,0.35,,,,,,,,,,,,,,,,,,,,,,
Titus,,,,,,,,,,,,,,0.07,,,,0.54,0.8500000000000001,1.83,1.9100000000000001,2.9000000000000004,3.3000000000000003,3.3200000000000003,,,,,,,,,,,,,,,
Tivola,,,,,,,,,,,,,,,,,,,,,,,,,,,,,0.05,0.17,,,,,,,,,
Tommo,,,,,,,,,,,,,,,,,,,,,,,,,,,,0.15,,0.16999999999999998,,0.21,,,,,,,
Tomy Corporation,,,,,,,,,,,,,,,,0.33,0.67,,0.9,,,,,2.24,2.68,3.3800000000000003,3.4000000000000004,4.42,4.81,4.84,4.97,,,,,,,,
TopWare Interactive,,,,,,,,,,,,,,,,,,,,,,,,,,,,,,,,0.03,,,,0.04,,,
Touchstone,,,,,,,,,,,,,,,,,,,,,,,,,,,,0.14,1.58,,,,,,,,,,
Tradewest,,,,,,,,,,,,,,,,,,,,,,,,,,,,,,,0.11,,,,,,,,
Trion Worlds,,,,,,,,,,,,,,,,,,,,,,,,,,,,,,,,,0.01,1.15,,,,,
Tripwire Interactive,,,,,,,,,,,,,,,,,,,,,,,,,,,,,,,,0.14,,,,,,,
Tru Blu Entertainment,,,,,,,,,,,,,,,,,,,,,,,,,,,,,,,,,,,0.03,0.28,,,
Tryfirst,,,,,,,,,,,,,,,,,,,,,,,,,,,,,0.03,,,,,,,,,,
Type-Moon,,,,,,,,,,,,,,,,,,,,,,,,,,,,,,,,,,,0.1,,,,
U.S. Gold,,,,,,,,,,,,,,,,0.18,0.33,,,,,,,,,,,,,,,,,,,,,,
UEP Systems,,,,,,,,,,,,,,,,,,2.25,,,,,,,,,,,,,,,,,,,,,
UFO Interactive,,,,,,,,,,,,,,,,,,,,,,,,,,,,0.03,0.18000000000000002,0.35000000000000003,0.9100000000000001,0.9500000000000002,0.9600000000000002,,,,,,
UIG Entertainment,,,,,,,,,,,,,,,,,,,,,,,,,,,,,,,,,,,,,0.01,,
Ubisoft,,,,,,,,,,,,,,,,3.03,3.19,3.44,3.7399999999999998,8.35,13.1,18.09,34.3,51.19,66.59,83.08000000000001,100.35000000000001,148.95,206.39,253.4,296.02,344.05,381.36,408.75,450.7,463.49,473.25,,473.54
Ubisoft Annecy,,,,,,,,,,,,,,,,,,,,,,,,,,,,,,1.4300000000000002,2.5600000000000005,3.7900000000000005,4.460000000000001,,,,,,
Universal Gamex,,,0.63,,,,,,,,,,,,,,,,,,,,,,,,,,,,,,,,,,,,
Universal Interactive,,,,,,,,,,,,,,,,,,,,,,5.92,14.669999999999998,17.599999999999998,,,,,,,,,,,,,,,
Unknown,,0.29,,,,,,,,,,,,,,,,,1.1199999999999999,,,3.37,3.47,4.4,4.430000000000001,5.32,5.44,5.69,6.010000000000001,6.03,7.830000000000001,12.619999999999997,12.939999999999998,12.999999999999998,13.379999999999999,13.479999999999999,13.639999999999999,,
Valcon Games,,,,,,,,,,,,,,,,,,,,,,,,,,0.11,0.14,,0.28,0.44000000000000006,0.45000000000000007,,,,,,,,
ValuSoft,,,,,,,,,,,,,,,,,,,,,,,,,,0.24,,,0.27,0.38,,0.39,,,,,,,
Valve,,,,,,,,,,,,,,,,,,,,,,,,,,,,,,,,1.74,,,,,,,
Valve Software,,,,,,,,,,,,,,,,,,,,,,,,,,,,,,0.37,,3.2300000000000004,,,,,,,
Vap,,,,,,,,,,,,,,,0.05,,,,,,,,,,,,,,,,,,,,,,,,
Vatical Entertainment,,,,,,,,,,,,,,,,,,,,,0.22,,,,,,,,,,,,,,,,,,
Vic Tokai,,,,,,,,,,,,,,,,,0.12,0.27,,,,,,,,,,,,,,,,,,,,,
Victor Interactive,,,,,,,,,,,,,,0.11,,0.2,,0.43000000000000005,0.5900000000000001,,0.77,0.87,0.89,,,,,,,,,,,,,,,,
Video System,,,,,,,,,,,,,0.28,,,,,0.47000000000000003,2.0700000000000003,,2.18,,,,,,,,,,,,,,,,,,
Views,,,,,,,,,,,,,,,,,,,,,,,,,,,,,,,,,0.02,,0.03,,,,
Vir2L Studios,,,,,,,,,,,,,,,,,,,,,,,,,,,,,0.1,0.26,,,,,,,,,
Virgin Interactive,,,,,,,,,,,,,0.78,,7.590000000000001,9.15,23.980000000000004,26.260000000000005,34.93000000000001,36.21000000000001,38.760000000000005,43.330000000000005,43.870000000000005,,,,,,,,,,,,,,,,
Virtual Play Games,,,,,,,,,,,,,,,,,,,,,,,,,,,,,,,0.06,,,,,,,,
Visco,,,,,,,,,,,,,,,,,,,,,,,,,,,,,,,,0.02,,,,,,,
Vivendi Games,,,,,,,,,,,,,,,,0.02,,4.1499999999999995,4.2299999999999995,4.63,4.7299999999999995,8.67,13.02,28.449999999999996,35.209999999999994,41.42999999999999,46.00999999999999,51.33999999999999,56.66999999999999,56.929999999999986,,,,,,,,,
Wanadoo,,,,,,,,,,,,,,,,,,,,,,0.14,0.6000000000000001,0.6300000000000001,,0.6500000000000001,,,,,,,,,,,,,
Warashi,,,,,,,,,,,,,,,,,,,,,,,,,,,,0.02,,,,,,,,,,,
Wargaming.net,,,,,,,,,,,,,,,,,,,,,,,,,,,,,,,,0.29,,,,,,,
Warner Bros. Interactive Entertainment,,,,,,,,,,,,,,,,,,,,,,,,0.67,,0.73,1.02,2.42,14.14,28.36,43.93000000000001,63.97,78.3,98.66,117.08,138.82,142.34,,
Warp,,,,,,,,,,,,,,,,,,0.07,,,,,,,,,,,,,,,,,,,,,
WayForward Technologies,,,,,,,,,,,,,,,,,,,,,,,,,,,,,,,,,,,,0.05,,,
Westwood Studios,,,,,,,,,,,,,,,,,,,,1.55,,,,,,,,,,,,,,,,,,,
White Park Bay Software,,,,,,,,,,,,,,,,,,,,,,,,,,,,0.16,,,,,,,,,,,
Wizard Video Games,,,0.62,,,,,,,,,,,,,,,,,,,,,,,,,,,,,,,,,,,,
XS Games,,,,,,,,,,,,,,,,,,,,,,,0.24,,0.3,0.43,,0.45,0.51,1.22,1.46,,,,,,,,
Xicat Interactive,,,,,,,,,,,,,,,,,,,,,,,0.14,0.17,,,,,,,,,,,,,,,
Xing Entertainment,,,,,,,,,,,,,,,,,,0.24,,,,,,,,,,,,,,,,,,,,,
Xplosiv,,,,,,,,,,,,,,,,,,,,,,,,,,0.2,0.6000000000000001,0.8200000000000001,1.6400000000000001,,,,,,,,,,
Xseed Games,,,,,,,,,,,,,,,,,,,,,,,,,,,,,,,,,0.55,0.74,0.85,0.9,,,
Yacht Club Games,,,,,,,,,,,,,,,,,,,,,,,,,,,,,,,,,,,,0.32,,,
Yamasa Entertainment,,,,,,,,,,,,,,,,,,,,,,,,,,,0.04,,,,,,,,,,,,
Yeti,,,,,,,,,,,,,,,,,,,,,,,,,,,0.01,0.02,0.07,0.1,0.21000000000000002,,0.22000000000000003,,,,0.24000000000000002,,
Yuke's,,,,,,,,,,,,,,,,,,,,,,,,,,0.03,0.06,0.08,,,,,,,,,,,
Yumedia,,,,,,,,,,,,,,,,0.06,,,,,,,,,,,,,,,,,,,,,,,
Zenrin,,,,,,,,,,,,,,,,,,,,,,,,,,,0.04,0.06,,,,,,,,,,,
Zoo Digital Publishing,,,,,,,,,,,,,,,,,,,,,,,0.37,2.63,5.549999999999999,8.739999999999997,9.109999999999996,10.279999999999996,11.729999999999997,12.869999999999997,,,,,,,,,
Zoo Games,,,,,,,,,,,,,,,,,,,,,,,,,,,,,0.9400000000000002,3.369999999999999,4.47,4.819999999999999,,,,,,,
Zushi Games,,,,,,,,,,,,,,,,,,,,,,,,,,,,0.05,0.6100000000000001,1.8900000000000003,,,,,,,,,
bitComposer Games,,,,,,,,,,,,,,,,,,,,,,,,,,,,,,0.03,,0.41000000000000003,,,,,,,
dramatic create,,,,,,,,,,,,,,,,,,,,,,,,,,,,,,,,,,,,0.08,0.11,,
fonfun,,,,,,,,,,,,,,,,,,,,,,,,,,,,,0.02,,,,,,,,,,
iWin,,,,,,,,,,,,,,,,,,,,,,,,,,,,,,,,0.06,,,,,,,
id Software,,,,,,,,,,,,,0.03,,,,,,,,,,,,,,,,,,,,,,,,,,
imageepoch Inc.,,,,,,,,,,,,,,,,,,,,,,,,,,,,,,,,,,,0.04,,,,
inXile Entertainment,,,,,,,,,,,,,,,,,,,,,,,,,,,,,,,,,,,,0.1,,,
"mixi, Inc",,,,,,,,,,,,,,,,,,,,,,,,,,,,,,,,,,,,0.86,,,
responDESIGN,,,,,,,,,,,,,,,,,,,,,,,,,0.09,0.13,,,,,,,,,,,,,
